"Gemeinde_Nr","Gemeinde_color","Ja_Stimmen_In_Prozent","Nein_Stimmen_In_Prozent","Gemeinde_KT_d","Gemeinde_KT_f","Gemeinde_KT_i","Text_d","Text_f","Text_i"
2008,68.9,68.9,31.1,"Châtillon FR","Châtillon (FR)","Châtillon FR","NA NA","Les habitants de Châtillon (FR) acceptent avec 68,9 pour cent de oui un crédit de 65,5 millions de francs en faveur du Musée d'histoire naturelle à Fribourg. Le crédit doit permettre le déménagement du musée et l'élaboration d'une nouvelle exposition permanente. Les habitants de Châtillon (FR) ont approuvé le texte, tout comme le canton.","NA NA"
2011,70.2,70.2,29.8,"Cugy FR","Cugy (FR)","Cugy FR","NA NA","Les habitants de Cugy (FR) ont approuvé avec 70,2 pour cent des voix un crédit de 65,5 millions de francs en faveur du Musée d'histoire naturelle à Fribourg. Le crédit doit permettre le déménagement du musée et l'élaboration d'une nouvelle exposition permanente. Les habitants de Cugy (FR) ont approuvé le texte, tout comme le canton.","NA NA"
2016,66.5,66.5,33.5,"Fétigny FR","Fétigny (FR)","Fétigny FR","NA NA","C'est oui à 66,5 pour cent au crédit de 65,5 millions de francs en faveur du Musée d'histoire naturelle à Fribourg à Fétigny. Le crédit doit permettre le déménagement du musée et l'élaboration d'une nouvelle exposition permanente. Les habitants de Fétigny ont approuvé le texte, tout comme le canton.","NA NA"
2022,64.2,64.2,35.8,"Gletterens FR","Gletterens (FR)","Gletterens FR","NA NA","C'est oui à 64,2 pour cent au crédit de 65,5 millions de francs en faveur du Musée d'histoire naturelle à Fribourg à Gletterens. Le crédit doit permettre le déménagement du musée et l'élaboration d'une nouvelle exposition permanente. Les habitants de Gletterens ont approuvé le texte, tout comme le canton.","NA NA"
2025,61.9,61.9,38.1,"Lully FR","Lully (FR)","Lully FR","NA NA","Les habitants de Lully (FR) ont approuvé avec 61,9 pour cent des voix un crédit de 65,5 millions de francs en faveur du Musée d'histoire naturelle à Fribourg. Le crédit doit permettre le déménagement du musée et l'élaboration d'une nouvelle exposition permanente. Les habitants de Lully (FR) ont approuvé le texte, tout comme le canton.","NA NA"
2027,64.2,64.2,35.8,"Ménières FR","Ménières (FR)","Ménières FR","NA NA","C'est oui à 64,2 pour cent au crédit de 65,5 millions de francs en faveur du Musée d'histoire naturelle à Fribourg à Ménières. Le crédit doit permettre le déménagement du musée et l'élaboration d'une nouvelle exposition permanente. Les habitants de Ménières ont approuvé le texte, tout comme le canton.","NA NA"
2029,64.4,64.4,35.6,"Montagny FR","Montagny (FR)","Montagny FR","NA NA","Les habitants de Montagny (FR) ont approuvé avec 64,4 pour cent des voix un crédit de 65,5 millions de francs en faveur du Musée d'histoire naturelle à Fribourg. Le crédit doit permettre le déménagement du musée et l'élaboration d'une nouvelle exposition permanente. Les habitants de Montagny (FR) ont approuvé le texte, tout comme le canton.","NA NA"
2035,60,60,40,"Nuvilly FR","Nuvilly (FR)","Nuvilly FR","NA NA","Les habitants de Nuvilly ont approuvé avec 60 pour cent des voix un crédit de 65,5 millions de francs en faveur du Musée d'histoire naturelle à Fribourg. Le crédit doit permettre le déménagement du musée et l'élaboration d'une nouvelle exposition permanente. Les habitants de Nuvilly ont approuvé le texte, tout comme le canton.","NA NA"
2038,45.2,45.2,54.8,"Prévondavaux FR","Prévondavaux (FR)","Prévondavaux FR","NA NA","Le crédit de 65,5 millions de francs en faveur du Musée d'histoire naturelle à Fribourg ne passe pas la rampe à Prévondavaux. Les habitants de cette petite commune sont 17 à dire non à ce crédit, qui doit permettre le déménagement du musée et l'élaboration d'une nouvelle exposition permanente. Les habitants de Prévondavaux ont rejeté le texte, contrairement au canton.","NA NA"
2041,70.9,70.9,29.1,"Saint-Aubin FR","Saint-Aubin (FR)","Saint-Aubin FR","NA NA","Les habitants de Saint-Aubin (FR) acceptent avec 70,9 pour cent de oui un crédit de 65,5 millions de francs en faveur du Musée d'histoire naturelle à Fribourg. Le crédit doit permettre le déménagement du musée et l'élaboration d'une nouvelle exposition permanente. Les habitants de Saint-Aubin (FR) ont approuvé le texte, tout comme le canton.","NA NA"
2043,69.1,69.1,30.9,"Sévaz FR","Sévaz (FR)","Sévaz FR","NA NA","Le crédit de 65,5 millions de francs en faveur du Musée d'histoire naturelle à Fribourg passe la rampe à Sévaz. Les habitants de cette petite commune sont 56 à dire oui à ce crédit, qui doit permettre le déménagement du musée et l'élaboration d'une nouvelle exposition permanente. Les habitants de Sévaz ont approuvé le texte, tout comme le canton.","NA NA"
2044,61,61,39,"Surpierre FR","Surpierre (FR)","Surpierre FR","NA NA","C'est oui à 61 pour cent au crédit de 65,5 millions de francs en faveur du Musée d'histoire naturelle à Fribourg à Surpierre. Le crédit doit permettre le déménagement du musée et l'élaboration d'une nouvelle exposition permanente. Les habitants de Surpierre ont approuvé le texte, tout comme le canton.","NA NA"
2045,72.2,72.2,27.8,"Vallon FR","Vallon (FR)","Vallon FR","NA NA","Les habitants de Vallon acceptent avec 72,2 pour cent de oui un crédit de 65,5 millions de francs en faveur du Musée d'histoire naturelle à Fribourg. Le crédit doit permettre le déménagement du musée et l'élaboration d'une nouvelle exposition permanente. Les habitants de Vallon ont approuvé le texte, tout comme le canton.","NA NA"
2050,74.3,74.3,25.7,"Les Montets FR","Les Montets (FR)","Les Montets FR","NA NA","C'est oui à 74,3 pour cent au crédit de 65,5 millions de francs en faveur du Musée d'histoire naturelle à Fribourg aux Montets. Le crédit doit permettre le déménagement du musée et l'élaboration d'une nouvelle exposition permanente. Les habitants des Montets ont approuvé le texte, tout comme le canton.","NA NA"
2051,61.1,61.1,38.9,"Delley-Portalban FR","Delley-Portalban (FR)","Delley-Portalban FR","NA NA","C'est oui à 61,1 pour cent au crédit de 65,5 millions de francs en faveur du Musée d'histoire naturelle à Fribourg à Delley-Portalban. Le crédit doit permettre le déménagement du musée et l'élaboration d'une nouvelle exposition permanente. Les habitants de Delley-Portalban ont approuvé le texte, tout comme le canton.","NA NA"
2053,66.8,66.8,33.2,"Belmont-Broye FR","Belmont-Broye (FR)","Belmont-Broye FR","NA NA","Les habitants de Belmont-Broye ont approuvé avec 66,8 pour cent des voix un crédit de 65,5 millions de francs en faveur du Musée d'histoire naturelle à Fribourg. Le crédit doit permettre le déménagement du musée et l'élaboration d'une nouvelle exposition permanente. Les habitants de Belmont-Broye ont approuvé le texte, tout comme le canton.","NA NA"
2054,68,68,32,"Estavayer FR","Estavayer (FR)","Estavayer FR","NA NA","Les habitants d'Estavayer ont approuvé avec 68 pour cent des voix un crédit de 65,5 millions de francs en faveur du Musée d'histoire naturelle à Fribourg. Le crédit doit permettre le déménagement du musée et l'élaboration d'une nouvelle exposition permanente. Les habitants d'Estavayer ont approuvé le texte, tout comme le canton.","NA NA"
2055,74.9,74.9,25.1,"Cheyres-Châbles FR","Cheyres-Châbles (FR)","Cheyres-Châbles FR","NA NA","C'est oui à 74,9 pour cent au crédit de 65,5 millions de francs en faveur du Musée d'histoire naturelle à Fribourg à Cheyres-Châbles. Le crédit doit permettre le déménagement du musée et l'élaboration d'une nouvelle exposition permanente. Les habitants de Cheyres-Châbles ont approuvé le texte, tout comme le canton.","NA NA"
2061,74.7,74.7,25.3,"Auboranges FR","Auboranges (FR)","Auboranges FR","NA NA","Le crédit de 65,5 millions de francs en faveur du Musée d'histoire naturelle à Fribourg passe la rampe à Auboranges. Les habitants de cette petite commune sont 56 à dire oui à ce crédit, qui doit permettre le déménagement du musée et l'élaboration d'une nouvelle exposition permanente. Les habitants d'Auboranges ont approuvé le texte, tout comme le canton.","NA NA"
2063,68.4,68.4,31.6,"Billens-Hennens FR","Billens-Hennens (FR)","Billens-Hennens FR","NA NA","Les habitants de Billens-Hennens ont approuvé avec 68,4 pour cent des voix un crédit de 65,5 millions de francs en faveur du Musée d'histoire naturelle à Fribourg. Le crédit doit permettre le déménagement du musée et l'élaboration d'une nouvelle exposition permanente. Les habitants de Billens-Hennens ont approuvé le texte, tout comme le canton.","NA NA"
2066,66.9,66.9,33.1,"Chapelle (Glâne) FR","Chapelle (Glâne) (FR)","Chapelle (Glâne) FR","NA NA","Les habitants de Chapelle (Glâne) ont approuvé avec 66,9 pour cent des voix un crédit de 65,5 millions de francs en faveur du Musée d'histoire naturelle à Fribourg. Le crédit doit permettre le déménagement du musée et l'élaboration d'une nouvelle exposition permanente. Les habitants de Chapelle (Glâne) ont approuvé le texte, tout comme le canton.","NA NA"
2067,43.4,43.4,56.6,"Le Châtelard FR","Le Châtelard (FR)","Le Châtelard FR","NA NA","Le crédit de 65,5 millions de francs en faveur du Musée d'histoire naturelle à Fribourg ne passe pas la rampe au Châtelard. Les habitants de cette petite commune sont 47 à dire non à ce crédit, qui doit permettre le déménagement du musée et l'élaboration d'une nouvelle exposition permanente. Les habitants du Châtelard ont rejeté le texte, contrairement au canton.","NA NA"
2068,70.8,70.8,29.2,"Châtonnaye FR","Châtonnaye (FR)","Châtonnaye FR","NA NA","C'est oui à 70,8 pour cent au crédit de 65,5 millions de francs en faveur du Musée d'histoire naturelle à Fribourg à Châtonnaye. Le crédit doit permettre le déménagement du musée et l'élaboration d'une nouvelle exposition permanente. Les habitants de Châtonnaye ont approuvé le texte, tout comme le canton.","NA NA"
2072,66.3,66.3,33.7,"Ecublens FR","Ecublens (FR)","Ecublens FR","NA NA","Les habitants d'Ecublens (FR) ont approuvé avec 66,3 pour cent des voix un crédit de 65,5 millions de francs en faveur du Musée d'histoire naturelle à Fribourg. Le crédit doit permettre le déménagement du musée et l'élaboration d'une nouvelle exposition permanente. Les habitants d'Ecublens (FR) ont approuvé le texte, tout comme le canton.","NA NA"
2079,51.2,51.2,48.8,"Grangettes FR","Grangettes (FR)","Grangettes FR","NA NA","Le crédit de 65,5 millions de francs en faveur du Musée d'histoire naturelle à Fribourg passe la rampe à Grangettes. Les habitants de cette petite commune sont 22 à dire oui à ce crédit, qui doit permettre le déménagement du musée et l'élaboration d'une nouvelle exposition permanente. Les habitants de Grangettes ont approuvé le texte, tout comme le canton.","NA NA"
2086,66.7,66.7,33.3,"Massonnens FR","Massonnens (FR)","Massonnens FR","NA NA","Les habitants de Massonnens ont approuvé avec 66,7 pour cent des voix un crédit de 65,5 millions de francs en faveur du Musée d'histoire naturelle à Fribourg. Le crédit doit permettre le déménagement du musée et l'élaboration d'une nouvelle exposition permanente. Les habitants de Massonnens ont approuvé le texte, tout comme le canton.","NA NA"
2087,65.1,65.1,34.9,"Mézières FR","Mézières (FR)","Mézières FR","NA NA","C'est oui à 65,1 pour cent au crédit de 65,5 millions de francs en faveur du Musée d'histoire naturelle à Fribourg à Mézières (FR). Le crédit doit permettre le déménagement du musée et l'élaboration d'une nouvelle exposition permanente. Les habitants de Mézières (FR) ont approuvé le texte, tout comme le canton.","NA NA"
2089,72.6,72.6,27.4,"Montet (Glâne) FR","Montet (Glâne) (FR)","Montet (Glâne) FR","NA NA","C'est oui à 72,6 pour cent au crédit de 65,5 millions de francs en faveur du Musée d'histoire naturelle à Fribourg à Montet (Glâne). Le crédit doit permettre le déménagement du musée et l'élaboration d'une nouvelle exposition permanente. Les habitants de Montet (Glâne) ont approuvé le texte, tout comme le canton.","NA NA"
2096,74.8,74.8,25.2,"Romont FR","Romont (FR)","Romont FR","NA NA","C'est oui à 74,8 pour cent au crédit de 65,5 millions de francs en faveur du Musée d'histoire naturelle à Fribourg à Romont (FR). Le crédit doit permettre le déménagement du musée et l'élaboration d'une nouvelle exposition permanente. Les habitants de Romont (FR) ont approuvé le texte, tout comme le canton.","NA NA"
2097,70.1,70.1,29.9,"Rue FR","Rue (FR)","Rue FR","NA NA","Les habitants de Rue ont approuvé avec 70,1 pour cent des voix un crédit de 65,5 millions de francs en faveur du Musée d'histoire naturelle à Fribourg. Le crédit doit permettre le déménagement du musée et l'élaboration d'une nouvelle exposition permanente. Les habitants de Rue ont approuvé le texte, tout comme le canton.","NA NA"
2099,62.4,62.4,37.6,"Siviriez FR","Siviriez (FR)","Siviriez FR","NA NA","Les habitants de Siviriez acceptent avec 62,4 pour cent de oui un crédit de 65,5 millions de francs en faveur du Musée d'histoire naturelle à Fribourg. Le crédit doit permettre le déménagement du musée et l'élaboration d'une nouvelle exposition permanente. Les habitants de Siviriez ont approuvé le texte, tout comme le canton.","NA NA"
2102,68,68,32,"Ursy FR","Ursy (FR)","Ursy FR","NA NA","Les habitants d'Ursy acceptent avec 68 pour cent de oui un crédit de 65,5 millions de francs en faveur du Musée d'histoire naturelle à Fribourg. Le crédit doit permettre le déménagement du musée et l'élaboration d'une nouvelle exposition permanente. Les habitants d'Ursy ont approuvé le texte, tout comme le canton.","NA NA"
2113,60.3,60.3,39.7,"Vuisternens-devant-Romont FR","Vuisternens-devant-Romont (FR)","Vuisternens-devant-Romont FR","NA NA","Les habitants de Vuisternens-devant-Romont ont approuvé avec 60,3 pour cent des voix un crédit de 65,5 millions de francs en faveur du Musée d'histoire naturelle à Fribourg. Le crédit doit permettre le déménagement du musée et l'élaboration d'une nouvelle exposition permanente. Les habitants de Vuisternens-devant-Romont ont approuvé le texte, tout comme le canton.","NA NA"
2114,61,61,39,"Villorsonnens FR","Villorsonnens (FR)","Villorsonnens FR","NA NA","Les habitants de Villorsonnens ont approuvé avec 61 pour cent des voix un crédit de 65,5 millions de francs en faveur du Musée d'histoire naturelle à Fribourg. Le crédit doit permettre le déménagement du musée et l'élaboration d'une nouvelle exposition permanente. Les habitants de Villorsonnens ont approuvé le texte, tout comme le canton.","NA NA"
2115,65.5,65.5,34.5,"Torny FR","Torny (FR)","Torny FR","NA NA","Les habitants de Torny acceptent avec 65,5 pour cent de oui un crédit de 65,5 millions de francs en faveur du Musée d'histoire naturelle à Fribourg. Le crédit doit permettre le déménagement du musée et l'élaboration d'une nouvelle exposition permanente. Les habitants de Torny ont approuvé le texte, tout comme le canton.","NA NA"
2117,72.4,72.4,27.6,"Villaz FR","Villaz (FR)","Villaz FR","NA NA","Les habitants de Villaz ont approuvé avec 72,4 pour cent des voix un crédit de 65,5 millions de francs en faveur du Musée d'histoire naturelle à Fribourg. Le crédit doit permettre le déménagement du musée et l'élaboration d'une nouvelle exposition permanente. Les habitants de Villaz ont approuvé le texte, tout comme le canton.","NA NA"
2121,66.6,66.6,33.4,"Haut-Intyamon FR","Haut-Intyamon (FR)","Haut-Intyamon FR","NA NA","Les habitants de Haut-Intyamon ont approuvé avec 66,6 pour cent des voix un crédit de 65,5 millions de francs en faveur du Musée d'histoire naturelle à Fribourg. Le crédit doit permettre le déménagement du musée et l'élaboration d'une nouvelle exposition permanente. Les habitants de Haut-Intyamon ont approuvé le texte, tout comme le canton.","NA NA"
2122,72.9,72.9,27.1,"Pont-en-Ogoz FR","Pont-en-Ogoz (FR)","Pont-en-Ogoz FR","NA NA","Les habitants de Pont-en-Ogoz acceptent avec 72,9 pour cent de oui un crédit de 65,5 millions de francs en faveur du Musée d'histoire naturelle à Fribourg. Le crédit doit permettre le déménagement du musée et l'élaboration d'une nouvelle exposition permanente. Les habitants de Pont-en-Ogoz ont approuvé le texte, tout comme le canton.","NA NA"
2123,60,60,40,"Botterens FR","Botterens (FR)","Botterens FR","NA NA","Les habitants de Botterens ont approuvé avec 60 pour cent des voix un crédit de 65,5 millions de francs en faveur du Musée d'histoire naturelle à Fribourg. Le crédit doit permettre le déménagement du musée et l'élaboration d'une nouvelle exposition permanente. Les habitants de Botterens ont approuvé le texte, tout comme le canton.","NA NA"
2124,72.5,72.5,27.5,"Broc FR","Broc (FR)","Broc FR","NA NA","Les habitants de Broc acceptent avec 72,5 pour cent de oui un crédit de 65,5 millions de francs en faveur du Musée d'histoire naturelle à Fribourg. Le crédit doit permettre le déménagement du musée et l'élaboration d'une nouvelle exposition permanente. Les habitants de Broc ont approuvé le texte, tout comme le canton.","NA NA"
2125,76.7,76.7,23.3,"Bulle FR","Bulle (FR)","Bulle FR","NA NA","Les habitants de Bulle ont approuvé avec 76,7 pour cent des voix un crédit de 65,5 millions de francs en faveur du Musée d'histoire naturelle à Fribourg. Le crédit doit permettre le déménagement du musée et l'élaboration d'une nouvelle exposition permanente. Les habitants de Bulle ont approuvé le texte, tout comme le canton.","NA NA"
2128,69.9,69.9,30.1,"Châtel-sur-Montsalvens FR","Châtel-sur-Montsalvens (FR)","Châtel-sur-Montsalvens FR","NA NA","C'est oui à 69,9 pour cent au crédit de 65,5 millions de francs en faveur du Musée d'histoire naturelle à Fribourg à Châtel-sur-Montsalvens. Le crédit doit permettre le déménagement du musée et l'élaboration d'une nouvelle exposition permanente. Les habitants de Châtel-sur-Montsalvens ont approuvé le texte, tout comme le canton.","NA NA"
2129,66.4,66.4,33.6,"Corbières FR","Corbières (FR)","Corbières FR","NA NA","Les habitants de Corbières acceptent avec 66,4 pour cent de oui un crédit de 65,5 millions de francs en faveur du Musée d'histoire naturelle à Fribourg. Le crédit doit permettre le déménagement du musée et l'élaboration d'une nouvelle exposition permanente. Les habitants de Corbières ont approuvé le texte, tout comme le canton.","NA NA"
2130,59.2,59.2,40.8,"Crésuz FR","Crésuz (FR)","Crésuz FR","NA NA","Les habitants de Crésuz acceptent avec 59,2 pour cent de oui un crédit de 65,5 millions de francs en faveur du Musée d'histoire naturelle à Fribourg. Le crédit doit permettre le déménagement du musée et l'élaboration d'une nouvelle exposition permanente. Les habitants de Crésuz ont approuvé le texte, tout comme le canton.","NA NA"
2131,71,71,29,"Echarlens FR","Echarlens (FR)","Echarlens FR","NA NA","C'est oui à 71 pour cent au crédit de 65,5 millions de francs en faveur du Musée d'histoire naturelle à Fribourg à Echarlens. Le crédit doit permettre le déménagement du musée et l'élaboration d'une nouvelle exposition permanente. Les habitants d'Echarlens ont approuvé le texte, tout comme le canton.","NA NA"
2134,76.9,76.9,23.1,"Grandvillard FR","Grandvillard (FR)","Grandvillard FR","NA NA","Les habitants de Grandvillard acceptent avec 76,9 pour cent de oui un crédit de 65,5 millions de francs en faveur du Musée d'histoire naturelle à Fribourg. Le crédit doit permettre le déménagement du musée et l'élaboration d'une nouvelle exposition permanente. Les habitants de Grandvillard ont approuvé le texte, tout comme le canton.","NA NA"
2135,70,70,30,"Greyerz FR","Gruyères (FR)","Greyerz FR","NA NA","C'est oui à 70 pour cent au crédit de 65,5 millions de francs en faveur du Musée d'histoire naturelle à Fribourg à Gruyères. Le crédit doit permettre le déménagement du musée et l'élaboration d'une nouvelle exposition permanente. Les habitants de Gruyères ont approuvé le texte, tout comme le canton.","NA NA"
2137,78.9,78.9,21.1,"Hauteville FR","Hauteville (FR)","Hauteville FR","NA NA","Les habitants de Hauteville acceptent avec 78,9 pour cent de oui un crédit de 65,5 millions de francs en faveur du Musée d'histoire naturelle à Fribourg. Le crédit doit permettre le déménagement du musée et l'élaboration d'une nouvelle exposition permanente. Les habitants de Hauteville ont approuvé le texte, tout comme le canton.","NA NA"
2138,41.7,41.7,58.3,"Jaun FR","Bellegarde (FR)","Jaun FR","NA NA","C'est non à 58,3 pour cent au crédit de 65,5 millions de francs en faveur du Musée d'histoire naturelle à Fribourg à Bellegarde. Le crédit doit permettre le déménagement du musée et l'élaboration d'une nouvelle exposition permanente. Les habitants de Bellegarde ont rejeté le texte, contrairement au canton.","NA NA"
2140,79.7,79.7,20.3,"Marsens FR","Marsens (FR)","Marsens FR","NA NA","Les habitants de Marsens acceptent avec 79,7 pour cent de oui un crédit de 65,5 millions de francs en faveur du Musée d'histoire naturelle à Fribourg. Le crédit doit permettre le déménagement du musée et l'élaboration d'une nouvelle exposition permanente. Les habitants de Marsens ont approuvé le texte, tout comme le canton.","NA NA"
2143,78.7,78.7,21.3,"Morlon FR","Morlon (FR)","Morlon FR","NA NA","Les habitants de Morlon ont approuvé avec 78,7 pour cent des voix un crédit de 65,5 millions de francs en faveur du Musée d'histoire naturelle à Fribourg. Le crédit doit permettre le déménagement du musée et l'élaboration d'une nouvelle exposition permanente. Les habitants de Morlon ont approuvé le texte, tout comme le canton.","NA NA"
2145,75.1,75.1,24.9,"Le Pâquier FR","Le Pâquier (FR)","Le Pâquier FR","NA NA","Les habitants du Pâquier (FR) acceptent avec 75,1 pour cent de oui un crédit de 65,5 millions de francs en faveur du Musée d'histoire naturelle à Fribourg. Le crédit doit permettre le déménagement du musée et l'élaboration d'une nouvelle exposition permanente. Les habitants du Pâquier (FR) ont approuvé le texte, tout comme le canton.","NA NA"
2147,63.1,63.1,36.9,"Pont-la-Ville FR","Pont-la-Ville (FR)","Pont-la-Ville FR","NA NA","Les habitants de Pont-la-Ville ont approuvé avec 63,1 pour cent des voix un crédit de 65,5 millions de francs en faveur du Musée d'histoire naturelle à Fribourg. Le crédit doit permettre le déménagement du musée et l'élaboration d'une nouvelle exposition permanente. Les habitants de Pont-la-Ville ont approuvé le texte, tout comme le canton.","NA NA"
2148,71.3,71.3,28.7,"Riaz FR","Riaz (FR)","Riaz FR","NA NA","Les habitants de Riaz acceptent avec 71,3 pour cent de oui un crédit de 65,5 millions de francs en faveur du Musée d'histoire naturelle à Fribourg. Le crédit doit permettre le déménagement du musée et l'élaboration d'une nouvelle exposition permanente. Les habitants de Riaz ont approuvé le texte, tout comme le canton.","NA NA"
2149,57.1,57.1,42.9,"La Roche FR","La Roche (FR)","La Roche FR","NA NA","C'est oui à 57,1 pour cent au crédit de 65,5 millions de francs en faveur du Musée d'histoire naturelle à Fribourg à La Roche. Le crédit doit permettre le déménagement du musée et l'élaboration d'une nouvelle exposition permanente. Les habitants de La Roche ont approuvé le texte, tout comme le canton.","NA NA"
2152,61,61,39,"Sâles FR","Sâles (FR)","Sâles FR","NA NA","C'est oui à 61 pour cent au crédit de 65,5 millions de francs en faveur du Musée d'histoire naturelle à Fribourg à Sâles. Le crédit doit permettre le déménagement du musée et l'élaboration d'une nouvelle exposition permanente. Les habitants de Sâles ont approuvé le texte, tout comme le canton.","NA NA"
2153,72.6,72.6,27.4,"Sorens FR","Sorens (FR)","Sorens FR","NA NA","Les habitants de Sorens ont approuvé avec 72,6 pour cent des voix un crédit de 65,5 millions de francs en faveur du Musée d'histoire naturelle à Fribourg. Le crédit doit permettre le déménagement du musée et l'élaboration d'une nouvelle exposition permanente. Les habitants de Sorens ont approuvé le texte, tout comme le canton.","NA NA"
2155,65.4,65.4,34.6,"Vaulruz FR","Vaulruz (FR)","Vaulruz FR","NA NA","Les habitants de Vaulruz acceptent avec 65,4 pour cent de oui un crédit de 65,5 millions de francs en faveur du Musée d'histoire naturelle à Fribourg. Le crédit doit permettre le déménagement du musée et l'élaboration d'une nouvelle exposition permanente. Les habitants de Vaulruz ont approuvé le texte, tout comme le canton.","NA NA"
2160,69.6,69.6,30.4,"Vuadens FR","Vuadens (FR)","Vuadens FR","NA NA","C'est oui à 69,6 pour cent au crédit de 65,5 millions de francs en faveur du Musée d'histoire naturelle à Fribourg à Vuadens. Le crédit doit permettre le déménagement du musée et l'élaboration d'une nouvelle exposition permanente. Les habitants de Vuadens ont approuvé le texte, tout comme le canton.","NA NA"
2162,69.5,69.5,30.5,"Bas-Intyamon FR","Bas-Intyamon (FR)","Bas-Intyamon FR","NA NA","C'est oui à 69,5 pour cent au crédit de 65,5 millions de francs en faveur du Musée d'histoire naturelle à Fribourg à Bas-Intyamon. Le crédit doit permettre le déménagement du musée et l'élaboration d'une nouvelle exposition permanente. Les habitants de Bas-Intyamon ont approuvé le texte, tout comme le canton.","NA NA"
2163,64.8,64.8,35.2,"Val-de-Charmey FR","Val-de-Charmey (FR)","Val-de-Charmey FR","NA NA","C'est oui à 64,8 pour cent au crédit de 65,5 millions de francs en faveur du Musée d'histoire naturelle à Fribourg à Val-de-Charmey. Le crédit doit permettre le déménagement du musée et l'élaboration d'une nouvelle exposition permanente. Les habitants de Val-de-Charmey ont approuvé le texte, tout comme le canton.","NA NA"
2173,72.6,72.6,27.4,"Autigny FR","Autigny (FR)","Autigny FR","NA NA","C'est oui à 72,6 pour cent au crédit de 65,5 millions de francs en faveur du Musée d'histoire naturelle à Fribourg à Autigny. Le crédit doit permettre le déménagement du musée et l'élaboration d'une nouvelle exposition permanente. Les habitants d'Autigny ont approuvé le texte, tout comme le canton.","NA NA"
2174,76.8,76.8,23.2,"Avry FR","Avry (FR)","Avry FR","NA NA","C'est oui à 76,8 pour cent au crédit de 65,5 millions de francs en faveur du Musée d'histoire naturelle à Fribourg à Avry. Le crédit doit permettre le déménagement du musée et l'élaboration d'une nouvelle exposition permanente. Les habitants d'Avry ont approuvé le texte, tout comme le canton.","NA NA"
2175,76.8,76.8,23.2,"Belfaux FR","Belfaux (FR)","Belfaux FR","NA NA","Les habitants de Belfaux ont approuvé avec 76,8 pour cent des voix un crédit de 65,5 millions de francs en faveur du Musée d'histoire naturelle à Fribourg. Le crédit doit permettre le déménagement du musée et l'élaboration d'une nouvelle exposition permanente. Les habitants de Belfaux ont approuvé le texte, tout comme le canton.","NA NA"
2177,75.7,75.7,24.3,"Chénens FR","Chénens (FR)","Chénens FR","NA NA","Les habitants de Chénens acceptent avec 75,7 pour cent de oui un crédit de 65,5 millions de francs en faveur du Musée d'histoire naturelle à Fribourg. Le crédit doit permettre le déménagement du musée et l'élaboration d'une nouvelle exposition permanente. Les habitants de Chénens ont approuvé le texte, tout comme le canton.","NA NA"
2183,80.1,80.1,19.9,"Corminboeuf FR","Corminboeuf (FR)","Corminboeuf FR","NA NA","Les habitants de Corminboeuf acceptent avec 80,1 pour cent de oui un crédit de 65,5 millions de francs en faveur du Musée d'histoire naturelle à Fribourg. Le crédit doit permettre le déménagement du musée et l'élaboration d'une nouvelle exposition permanente. Les habitants de Corminboeuf ont approuvé le texte, tout comme le canton.","NA NA"
2186,72.4,72.4,27.6,"Cottens FR","Cottens (FR)","Cottens FR","NA NA","Les habitants de Cottens (FR) acceptent avec 72,4 pour cent de oui un crédit de 65,5 millions de francs en faveur du Musée d'histoire naturelle à Fribourg. Le crédit doit permettre le déménagement du musée et l'élaboration d'une nouvelle exposition permanente. Les habitants de Cottens (FR) ont approuvé le texte, tout comme le canton.","NA NA"
2194,71,71,29,"Ferpicloz FR","Ferpicloz (FR)","Ferpicloz FR","NA NA","Le crédit de 65,5 millions de francs en faveur du Musée d'histoire naturelle à Fribourg passe la rampe à Ferpicloz. Les habitants de cette petite commune sont 49 à dire oui à ce crédit, qui doit permettre le déménagement du musée et l'élaboration d'une nouvelle exposition permanente. Les habitants de Ferpicloz ont approuvé le texte, tout comme le canton.","NA NA"
2196,84.5,84.5,15.5,"Freiburg FR","Fribourg (FR)","Friburgo FR","NA NA","Les habitants de Fribourg acceptent avec 84,5 pour cent de oui un crédit de 65,5 millions de francs en faveur du Musée d'histoire naturelle à Fribourg. Le crédit doit permettre le déménagement du musée et l'élaboration d'une nouvelle exposition permanente. Les habitants de Fribourg ont approuvé le texte, tout comme le canton.","NA NA"
2197,81.2,81.2,18.8,"Givisiez FR","Givisiez (FR)","Givisiez FR","NA NA","Les habitants de Givisiez acceptent avec 81,2 pour cent de oui un crédit de 65,5 millions de francs en faveur du Musée d'histoire naturelle à Fribourg. Le crédit doit permettre le déménagement du musée et l'élaboration d'une nouvelle exposition permanente. Les habitants de Givisiez ont approuvé le texte, tout comme le canton.","NA NA"
2198,81,81,19,"Granges-Paccot FR","Granges-Paccot (FR)","Granges-Paccot FR","NA NA","C'est oui à 81 pour cent au crédit de 65,5 millions de francs en faveur du Musée d'histoire naturelle à Fribourg à Granges-Paccot. Le crédit doit permettre le déménagement du musée et l'élaboration d'une nouvelle exposition permanente. Les habitants de Granges-Paccot ont approuvé le texte, tout comme le canton.","NA NA"
2200,79.4,79.4,20.6,"Grolley FR","Grolley (FR)","Grolley FR","NA NA","Les habitants de Grolley ont approuvé avec 79,4 pour cent des voix un crédit de 65,5 millions de francs en faveur du Musée d'histoire naturelle à Fribourg. Le crédit doit permettre le déménagement du musée et l'élaboration d'une nouvelle exposition permanente. Les habitants de Grolley ont approuvé le texte, tout comme le canton.","NA NA"
2206,81.3,81.3,18.7,"Marly FR","Marly (FR)","Marly FR","NA NA","C'est oui à 81,3 pour cent au crédit de 65,5 millions de francs en faveur du Musée d'histoire naturelle à Fribourg à Marly. Le crédit doit permettre le déménagement du musée et l'élaboration d'une nouvelle exposition permanente. Les habitants de Marly ont approuvé le texte, tout comme le canton.","NA NA"
2208,85.8,85.8,14.2,"Matran FR","Matran (FR)","Matran FR","NA NA","Les habitants de Matran ont approuvé avec 85,8 pour cent des voix un crédit de 65,5 millions de francs en faveur du Musée d'histoire naturelle à Fribourg. Le crédit doit permettre le déménagement du musée et l'élaboration d'une nouvelle exposition permanente. C'est à Matran que le crédit a été la plus fortement approuvé.","NA NA"
2211,82.2,82.2,17.8,"Neyruz FR","Neyruz (FR)","Neyruz FR","NA NA","Les habitants de Neyruz (FR) ont approuvé avec 82,2 pour cent des voix un crédit de 65,5 millions de francs en faveur du Musée d'histoire naturelle à Fribourg. Le crédit doit permettre le déménagement du musée et l'élaboration d'une nouvelle exposition permanente. Les habitants de Neyruz (FR) ont approuvé le texte, tout comme le canton.","NA NA"
2216,84,84,16,"Pierrafortscha FR","Pierrafortscha (FR)","Pierrafortscha FR","NA NA","Le crédit de 65,5 millions de francs en faveur du Musée d'histoire naturelle à Fribourg passe la rampe à Pierrafortscha. Les habitants de cette petite commune sont 42 à dire oui à ce crédit, qui doit permettre le déménagement du musée et l'élaboration d'une nouvelle exposition permanente. Les habitants de Pierrafortscha ont approuvé le texte, tout comme le canton.","NA NA"
2217,75.7,75.7,24.3,"Ponthaux FR","Ponthaux (FR)","Ponthaux FR","NA NA","Les habitants de Ponthaux ont approuvé avec 75,7 pour cent des voix un crédit de 65,5 millions de francs en faveur du Musée d'histoire naturelle à Fribourg. Le crédit doit permettre le déménagement du musée et l'élaboration d'une nouvelle exposition permanente. Les habitants de Ponthaux ont approuvé le texte, tout comme le canton.","NA NA"
2220,72.1,72.1,27.9,"Le Mouret FR","Le Mouret (FR)","Le Mouret FR","NA NA","Les habitants du Mouret ont approuvé avec 72,1 pour cent des voix un crédit de 65,5 millions de francs en faveur du Musée d'histoire naturelle à Fribourg. Le crédit doit permettre le déménagement du musée et l'élaboration d'une nouvelle exposition permanente. Les habitants du Mouret ont approuvé le texte, tout comme le canton.","NA NA"
2226,69.9,69.9,30.1,"Treyvaux FR","Treyvaux (FR)","Treyvaux FR","NA NA","Les habitants de Treyvaux acceptent avec 69,9 pour cent de oui un crédit de 65,5 millions de francs en faveur du Musée d'histoire naturelle à Fribourg. Le crédit doit permettre le déménagement du musée et l'élaboration d'une nouvelle exposition permanente. Les habitants de Treyvaux ont approuvé le texte, tout comme le canton.","NA NA"
2228,84.4,84.4,15.6,"Villars-sur-Glâne FR","Villars-sur-Glâne (FR)","Villars-sur-Glâne FR","NA NA","C'est oui à 84,4 pour cent au crédit de 65,5 millions de francs en faveur du Musée d'histoire naturelle à Fribourg à Villars-sur-Glâne. Le crédit doit permettre le déménagement du musée et l'élaboration d'une nouvelle exposition permanente. Les habitants de Villars-sur-Glâne ont approuvé le texte, tout comme le canton.","NA NA"
2230,72.4,72.4,27.6,"Villarsel-sur-Marly FR","Villarsel-sur-Marly (FR)","Villarsel-sur-Marly FR","NA NA","Le crédit de 65,5 millions de francs en faveur du Musée d'histoire naturelle à Fribourg passe la rampe à Villarsel-sur-Marly. Les habitants de cette petite commune sont 21 à dire oui à ce crédit, qui doit permettre le déménagement du musée et l'élaboration d'une nouvelle exposition permanente. Les habitants de Villarsel-sur-Marly ont approuvé le texte, tout comme le canton.","NA NA"
2233,77.9,77.9,22.1,"Hauterive FR","Hauterive (FR)","Hauterive FR","NA NA","Les habitants de Hauterive (FR) acceptent avec 77,9 pour cent de oui un crédit de 65,5 millions de francs en faveur du Musée d'histoire naturelle à Fribourg. Le crédit doit permettre le déménagement du musée et l'élaboration d'une nouvelle exposition permanente. Les habitants de Hauterive (FR) ont approuvé le texte, tout comme le canton.","NA NA"
2234,76.7,76.7,23.3,"La Brillaz FR","La Brillaz (FR)","La Brillaz FR","NA NA","Les habitants de La Brillaz acceptent avec 76,7 pour cent de oui un crédit de 65,5 millions de francs en faveur du Musée d'histoire naturelle à Fribourg. Le crédit doit permettre le déménagement du musée et l'élaboration d'une nouvelle exposition permanente. Les habitants de La Brillaz ont approuvé le texte, tout comme le canton.","NA NA"
2235,81.5,81.5,18.5,"La Sonnaz FR","La Sonnaz (FR)","La Sonnaz FR","NA NA","Les habitants de La Sonnaz ont approuvé avec 81,5 pour cent des voix un crédit de 65,5 millions de francs en faveur du Musée d'histoire naturelle à Fribourg. Le crédit doit permettre le déménagement du musée et l'élaboration d'une nouvelle exposition permanente. Les habitants de La Sonnaz ont approuvé le texte, tout comme le canton.","NA NA"
2236,74.5,74.5,25.5,"Gibloux FR","Gibloux (FR)","Gibloux FR","NA NA","Les habitants de Gibloux acceptent avec 74,5 pour cent de oui un crédit de 65,5 millions de francs en faveur du Musée d'histoire naturelle à Fribourg. Le crédit doit permettre le déménagement du musée et l'élaboration d'une nouvelle exposition permanente. Les habitants de Gibloux ont approuvé le texte, tout comme le canton.","NA NA"
2237,76.7,76.7,23.3,"Prez FR","Prez (FR)","Prez FR","NA NA","C'est oui à 76,7 pour cent au crédit de 65,5 millions de francs en faveur du Musée d'histoire naturelle à Fribourg à Prez. Le crédit doit permettre le déménagement du musée et l'élaboration d'une nouvelle exposition permanente. Les habitants de Prez ont approuvé le texte, tout comme le canton.","NA NA"
2238,74.3,74.3,25.7,"Bois-d'Amont FR","Bois-d'Amont (FR)","Bois-d'Amont FR","NA NA","Les habitants de Bois-d'Amont acceptent avec 74,3 pour cent de oui un crédit de 65,5 millions de francs en faveur du Musée d'histoire naturelle à Fribourg. Le crédit doit permettre le déménagement du musée et l'élaboration d'une nouvelle exposition permanente. Les habitants de Bois-d'Amont ont approuvé le texte, tout comme le canton.","NA NA"
2250,72.1,72.1,27.9,"Gurwolf FR","Courgevaux (FR)","Gurwolf FR","NA NA","Les habitants de Courgevaux ont approuvé avec 72,1 pour cent des voix un crédit de 65,5 millions de francs en faveur du Musée d'histoire naturelle à Fribourg. Le crédit doit permettre le déménagement du musée et l'élaboration d'une nouvelle exposition permanente. Les habitants de Courgevaux ont approuvé le texte, tout comme le canton.","NA NA"
2254,72.7,72.7,27.3,"Courtepin FR","Courtepin (FR)","Courtepin FR","NA NA","C'est oui à 72,7 pour cent au crédit de 65,5 millions de francs en faveur du Musée d'histoire naturelle à Fribourg à Courtepin. Le crédit doit permettre le déménagement du musée et l'élaboration d'une nouvelle exposition permanente. Les habitants de Courtepin ont approuvé le texte, tout comme le canton.","NA NA"
2257,76.1,76.1,23.9,"Cressier FR","Cressier (FR)","Cressier FR","NA NA","Les habitants de Cressier (FR) acceptent avec 76,1 pour cent de oui un crédit de 65,5 millions de francs en faveur du Musée d'histoire naturelle à Fribourg. Le crédit doit permettre le déménagement du musée et l'élaboration d'une nouvelle exposition permanente. Les habitants de Cressier (FR) ont approuvé le texte, tout comme le canton.","NA NA"
2258,54.9,54.9,45.1,"Fräschels FR","Fräschels (FR)","Fräschels FR","NA NA","Les habitants de Fräschels ont approuvé avec 54,9 pour cent des voix un crédit de 65,5 millions de francs en faveur du Musée d'histoire naturelle à Fribourg. Le crédit doit permettre le déménagement du musée et l'élaboration d'une nouvelle exposition permanente. Les habitants de Fräschels ont approuvé le texte, tout comme le canton.","NA NA"
2261,49.2,49.2,50.8,"Greng FR","Greng (FR)","Greng FR","NA NA","Le crédit de 65,5 millions de francs en faveur du Musée d'histoire naturelle à Fribourg ne passe pas la rampe à Greng. Les habitants de cette petite commune sont 33 à dire non à ce crédit, qui doit permettre le déménagement du musée et l'élaboration d'une nouvelle exposition permanente. Les habitants de Greng ont rejeté le texte, contrairement au canton.","NA NA"
2262,64.3,64.3,35.7,"Gurmels FR","Cormondes (FR)","Gurmels FR","NA NA","C'est oui à 64,3 pour cent au crédit de 65,5 millions de francs en faveur du Musée d'histoire naturelle à Fribourg à Cormondes. Le crédit doit permettre le déménagement du musée et l'élaboration d'une nouvelle exposition permanente. Les habitants de Cormondes ont approuvé le texte, tout comme le canton.","NA NA"
2265,57.8,57.8,42.2,"Kerzers FR","Chiètres (FR)","Kerzers FR","NA NA","Les habitants de Chiètres (FR) ont approuvé avec 57,8 pour cent des voix un crédit de 65,5 millions de francs en faveur du Musée d'histoire naturelle à Fribourg. Le crédit doit permettre le déménagement du musée et l'élaboration d'une nouvelle exposition permanente. Les habitants de Chiètres (FR) ont approuvé le texte, tout comme le canton.","NA NA"
2266,61.1,61.1,38.9,"Kleinbösingen FR","Kleinbösingen (FR)","Kleinbösingen FR","NA NA","Les habitants de Kleinbösingen ont approuvé avec 61,1 pour cent des voix un crédit de 65,5 millions de francs en faveur du Musée d'histoire naturelle à Fribourg. Le crédit doit permettre le déménagement du musée et l'élaboration d'une nouvelle exposition permanente. Les habitants de Kleinbösingen ont approuvé le texte, tout comme le canton.","NA NA"
2271,66.5,66.5,33.5,"Merlach FR","Meyriez (FR)","Merlach FR","NA NA","Les habitants de Meyriez acceptent avec 66,5 pour cent de oui un crédit de 65,5 millions de francs en faveur du Musée d'histoire naturelle à Fribourg. Le crédit doit permettre le déménagement du musée et l'élaboration d'une nouvelle exposition permanente. Les habitants de Meyriez ont approuvé le texte, tout comme le canton.","NA NA"
2272,71.4,71.4,28.6,"Misery-Courtion FR","Misery-Courtion (FR)","Misery-Courtion FR","NA NA","C'est oui à 71,4 pour cent au crédit de 65,5 millions de francs en faveur du Musée d'histoire naturelle à Fribourg à Misery-Courtion. Le crédit doit permettre le déménagement du musée et l'élaboration d'une nouvelle exposition permanente. Les habitants de Misery-Courtion ont approuvé le texte, tout comme le canton.","NA NA"
2274,66.6,66.6,33.4,"Muntelier FR","Montilier (FR)","Muntelier FR","NA NA","C'est oui à 66,6 pour cent au crédit de 65,5 millions de francs en faveur du Musée d'histoire naturelle à Fribourg à Montilier. Le crédit doit permettre le déménagement du musée et l'élaboration d'une nouvelle exposition permanente. Les habitants de Montilier ont approuvé le texte, tout comme le canton.","NA NA"
2275,64,64,36,"Murten FR","Morat (FR)","Murten FR","NA NA","Les habitants de Morat ont approuvé avec 64 pour cent des voix un crédit de 65,5 millions de francs en faveur du Musée d'histoire naturelle à Fribourg. Le crédit doit permettre le déménagement du musée et l'élaboration d'une nouvelle exposition permanente. Les habitants de Morat ont approuvé le texte, tout comme le canton.","NA NA"
2276,45.9,45.9,54.1,"Ried bei Kerzers FR","Ried bei Kerzers (FR)","Ried bei Kerzers FR","NA NA","Les habitants de Ried bei Kerzers ont refusé avec 54,1 pour cent des voix un crédit de 65,5 millions de francs en faveur du Musée d'histoire naturelle à Fribourg. Le crédit doit permettre le déménagement du musée et l'élaboration d'une nouvelle exposition permanente. Les habitants de Ried bei Kerzers ont rejeté le texte, contrairement au canton.","NA NA"
2278,44.7,44.7,55.3,"Ulmiz FR","Ormey (FR)","Ulmiz FR","NA NA","Les habitants d'Ormey refusent avec 55,3 pour cent de non un crédit de 65,5 millions de francs en faveur du Musée d'histoire naturelle à Fribourg. Le crédit doit permettre le déménagement du musée et l'élaboration d'une nouvelle exposition permanente. Les habitants d'Ormey ont rejeté le texte, contrairement au canton.","NA NA"
2284,72.5,72.5,27.5,"Mont-Vully FR","Mont-Vully (FR)","Mont-Vully FR","NA NA","C'est oui à 72,5 pour cent au crédit de 65,5 millions de francs en faveur du Musée d'histoire naturelle à Fribourg à Mont-Vully. Le crédit doit permettre le déménagement du musée et l'élaboration d'une nouvelle exposition permanente. Les habitants de Mont-Vully ont approuvé le texte, tout comme le canton.","NA NA"
2292,55.9,55.9,44.1,"Brünisried FR","Brünisried (FR)","Brünisried FR","NA NA","Les habitants de Brünisried ont approuvé avec 55,9 pour cent des voix un crédit de 65,5 millions de francs en faveur du Musée d'histoire naturelle à Fribourg. Le crédit doit permettre le déménagement du musée et l'élaboration d'une nouvelle exposition permanente. Les habitants de Brünisried ont approuvé le texte, tout comme le canton.","NA NA"
2293,68.8,68.8,31.2,"Düdingen FR","Guin (FR)","Düdingen FR","NA NA","Les habitants de Guin acceptent avec 68,8 pour cent de oui un crédit de 65,5 millions de francs en faveur du Musée d'histoire naturelle à Fribourg. Le crédit doit permettre le déménagement du musée et l'élaboration d'une nouvelle exposition permanente. Les habitants de Guin ont approuvé le texte, tout comme le canton.","NA NA"
2294,60.9,60.9,39.1,"Giffers FR","Chevrilles (FR)","Giffers FR","NA NA","C'est oui à 60,9 pour cent au crédit de 65,5 millions de francs en faveur du Musée d'histoire naturelle à Fribourg à Chevrilles. Le crédit doit permettre le déménagement du musée et l'élaboration d'une nouvelle exposition permanente. Les habitants de Chevrilles ont approuvé le texte, tout comme le canton.","NA NA"
2295,67.7,67.7,32.3,"Bösingen FR","Bösingen (FR)","Bösingen FR","NA NA","C'est oui à 67,7 pour cent au crédit de 65,5 millions de francs en faveur du Musée d'histoire naturelle à Fribourg à Bösingen. Le crédit doit permettre le déménagement du musée et l'élaboration d'une nouvelle exposition permanente. Les habitants de Bösingen ont approuvé le texte, tout comme le canton.","NA NA"
2296,57,57,43,"Heitenried FR","Heitenried (FR)","Heitenried FR","NA NA","C'est oui à 57 pour cent au crédit de 65,5 millions de francs en faveur du Musée d'histoire naturelle à Fribourg à Heitenried. Le crédit doit permettre le déménagement du musée et l'élaboration d'une nouvelle exposition permanente. Les habitants de Heitenried ont approuvé le texte, tout comme le canton.","NA NA"
2299,53.5,53.5,46.5,"Plaffeien FR","Planfayon (FR)","Plaffeien FR","NA NA","C'est oui à 53,5 pour cent au crédit de 65,5 millions de francs en faveur du Musée d'histoire naturelle à Fribourg à Planfayon. Le crédit doit permettre le déménagement du musée et l'élaboration d'une nouvelle exposition permanente. Les habitants de Planfayon ont approuvé le texte, tout comme le canton.","NA NA"
2300,53.5,53.5,46.5,"Plasselb FR","Plasselb (FR)","Plasselb FR","NA NA","Les habitants de Plasselb acceptent avec 53,5 pour cent de oui un crédit de 65,5 millions de francs en faveur du Musée d'histoire naturelle à Fribourg. Le crédit doit permettre le déménagement du musée et l'élaboration d'une nouvelle exposition permanente. Les habitants de Plasselb ont approuvé le texte, tout comme le canton.","NA NA"
2301,67.6,67.6,32.4,"Rechthalten FR","Dirlaret (FR)","Rechthalten FR","NA NA","C'est oui à 67,6 pour cent au crédit de 65,5 millions de francs en faveur du Musée d'histoire naturelle à Fribourg à Dirlaret. Le crédit doit permettre le déménagement du musée et l'élaboration d'une nouvelle exposition permanente. Les habitants de Dirlaret ont approuvé le texte, tout comme le canton.","NA NA"
2303,39.6,39.6,60.4,"St. Silvester FR","Saint-Silvestre (FR)","St. Silvester FR","NA NA","Les habitants de Saint-Silvestre ont refusé avec 60,4 pour cent des voix un crédit de 65,5 millions de francs en faveur du Musée d'histoire naturelle à Fribourg. Le crédit doit permettre le déménagement du musée et l'élaboration d'une nouvelle exposition permanente. Le rejet le plus net du crédit a été enregistré à Saint-Silvestre.","NA NA"
2304,70.3,70.3,29.7,"St. Ursen FR","Saint-Ours (FR)","St. Ursen FR","NA NA","Les habitants de Saint-Ours acceptent avec 70,3 pour cent de oui un crédit de 65,5 millions de francs en faveur du Musée d'histoire naturelle à Fribourg. Le crédit doit permettre le déménagement du musée et l'élaboration d'une nouvelle exposition permanente. Les habitants de Saint-Ours ont approuvé le texte, tout comme le canton.","NA NA"
2305,69.5,69.5,30.5,"Schmitten FR","Schmitten (FR)","Schmitten FR","NA NA","Les habitants de Schmitten (FR) acceptent avec 69,5 pour cent de oui un crédit de 65,5 millions de francs en faveur du Musée d'histoire naturelle à Fribourg. Le crédit doit permettre le déménagement du musée et l'élaboration d'une nouvelle exposition permanente. Les habitants de Schmitten (FR) ont approuvé le texte, tout comme le canton.","NA NA"
2306,64.3,64.3,35.7,"Tafers FR","Tavel (FR)","Tafers FR","NA NA","C'est oui à 64,3 pour cent au crédit de 65,5 millions de francs en faveur du Musée d'histoire naturelle à Fribourg à Tavel. Le crédit doit permettre le déménagement du musée et l'élaboration d'une nouvelle exposition permanente. Les habitants de Tavel ont approuvé le texte, tout comme le canton.","NA NA"
2307,68.6,68.6,31.4,"Tentlingen FR","Tinterin (FR)","Tentlingen FR","NA NA","Les habitants de Tinterin acceptent avec 68,6 pour cent de oui un crédit de 65,5 millions de francs en faveur du Musée d'histoire naturelle à Fribourg. Le crédit doit permettre le déménagement du musée et l'élaboration d'une nouvelle exposition permanente. Les habitants de Tinterin ont approuvé le texte, tout comme le canton.","NA NA"
2308,53.4,53.4,46.6,"Ueberstorf FR","Ueberstorf (FR)","Ueberstorf FR","NA NA","C'est oui à 53,4 pour cent au crédit de 65,5 millions de francs en faveur du Musée d'histoire naturelle à Fribourg à Ueberstorf. Le crédit doit permettre le déménagement du musée et l'élaboration d'une nouvelle exposition permanente. Les habitants d'Ueberstorf ont approuvé le texte, tout comme le canton.","NA NA"
2309,64.9,64.9,35.1,"Wünnewil-Flamatt FR","Wünnewil-Flamatt (FR)","Wünnewil-Flamatt FR","NA NA","Les habitants de Wünnewil-Flamatt acceptent avec 64,9 pour cent de oui un crédit de 65,5 millions de francs en faveur du Musée d'histoire naturelle à Fribourg. Le crédit doit permettre le déménagement du musée et l'élaboration d'une nouvelle exposition permanente. Les habitants de Wünnewil-Flamatt ont approuvé le texte, tout comme le canton.","NA NA"
2321,75.5,75.5,24.5,"Attalens FR","Attalens (FR)","Attalens FR","NA NA","Les habitants d'Attalens acceptent avec 75,5 pour cent de oui un crédit de 65,5 millions de francs en faveur du Musée d'histoire naturelle à Fribourg. Le crédit doit permettre le déménagement du musée et l'élaboration d'une nouvelle exposition permanente. Les habitants d'Attalens ont approuvé le texte, tout comme le canton.","NA NA"
2323,74.3,74.3,25.7,"Bossonnens FR","Bossonnens (FR)","Bossonnens FR","NA NA","Les habitants de Bossonnens ont approuvé avec 74,3 pour cent des voix un crédit de 65,5 millions de francs en faveur du Musée d'histoire naturelle à Fribourg. Le crédit doit permettre le déménagement du musée et l'élaboration d'une nouvelle exposition permanente. Les habitants de Bossonnens ont approuvé le texte, tout comme le canton.","NA NA"
2325,71.6,71.6,28.4,"Châtel-Saint-Denis FR","Châtel-Saint-Denis (FR)","Châtel-Saint-Denis FR","NA NA","Les habitants de Châtel-Saint-Denis acceptent avec 71,6 pour cent de oui un crédit de 65,5 millions de francs en faveur du Musée d'histoire naturelle à Fribourg. Le crédit doit permettre le déménagement du musée et l'élaboration d'une nouvelle exposition permanente. Les habitants de Châtel-Saint-Denis ont approuvé le texte, tout comme le canton.","NA NA"
2328,66.2,66.2,33.8,"Granges (Veveyse) FR","Granges (Veveyse) (FR)","Granges (Veveyse) FR","NA NA","C'est oui à 66,2 pour cent au crédit de 65,5 millions de francs en faveur du Musée d'histoire naturelle à Fribourg à Granges (Veveyse). Le crédit doit permettre le déménagement du musée et l'élaboration d'une nouvelle exposition permanente. Les habitants de Granges (Veveyse) ont approuvé le texte, tout comme le canton.","NA NA"
2333,74.5,74.5,25.5,"Remaufens FR","Remaufens (FR)","Remaufens FR","NA NA","C'est oui à 74,5 pour cent au crédit de 65,5 millions de francs en faveur du Musée d'histoire naturelle à Fribourg à Remaufens. Le crédit doit permettre le déménagement du musée et l'élaboration d'une nouvelle exposition permanente. Les habitants de Remaufens ont approuvé le texte, tout comme le canton.","NA NA"
2335,71.7,71.7,28.3,"Saint-Martin FR","Saint-Martin (FR)","Saint-Martin FR","NA NA","Les habitants de Saint-Martin (FR) acceptent avec 71,7 pour cent de oui un crédit de 65,5 millions de francs en faveur du Musée d'histoire naturelle à Fribourg. Le crédit doit permettre le déménagement du musée et l'élaboration d'une nouvelle exposition permanente. Les habitants de Saint-Martin (FR) ont approuvé le texte, tout comme le canton.","NA NA"
2336,62.5,62.5,37.5,"Semsales FR","Semsales (FR)","Semsales FR","NA NA","Les habitants de Semsales ont approuvé avec 62,5 pour cent des voix un crédit de 65,5 millions de francs en faveur du Musée d'histoire naturelle à Fribourg. Le crédit doit permettre le déménagement du musée et l'élaboration d'une nouvelle exposition permanente. Les habitants de Semsales ont approuvé le texte, tout comme le canton.","NA NA"
2337,64.9,64.9,35.1,"Le Flon FR","Le Flon (FR)","Le Flon FR","NA NA","Les habitants du Flon ont approuvé avec 64,9 pour cent des voix un crédit de 65,5 millions de francs en faveur du Musée d'histoire naturelle à Fribourg. Le crédit doit permettre le déménagement du musée et l'élaboration d'une nouvelle exposition permanente. Les habitants du Flon ont approuvé le texte, tout comme le canton.","NA NA"
2338,66.9,66.9,33.1,"La Verrerie FR","La Verrerie (FR)","La Verrerie FR","NA NA","Les habitants de La Verrerie acceptent avec 66,9 pour cent de oui un crédit de 65,5 millions de francs en faveur du Musée d'histoire naturelle à Fribourg. Le crédit doit permettre le déménagement du musée et l'élaboration d'une nouvelle exposition permanente. Les habitants de La Verrerie ont approuvé le texte, tout comme le canton.","NA NA"
